Timestamp,Average Bikes in Use,Average Temperature,Average Wind Speed,Normalised Average Bikes in Use,Normalised Average Temperature,Normalised Average Wind Speed
2018-12-28 17:20:03,14.54,8.46,2.13,0.0393440195650369,0.04650166745469158,0.024086605175508945
2018-12-28 17:40:04,14.35,8.29,2.85,0.038829895512949075,0.04556723678479824,0.03222855622075141
2018-12-28 18:00:05,14.35,8.29,2.85,0.038829895512949075,0.04556723678479824,0.03222855622075141
2018-12-28 18:20:03,14.46,8.29,2.49,0.039127546279947294,0.04556723678479824,0.028157580698130177
2018-12-28 18:40:04,14.61,8.29,2.85,0.03953343368949031,0.04556723678479824,0.03222855622075141
2018-12-28 19:00:05,14.61,8.29,2.85,0.03953343368949031,0.04556723678479824,0.03222855622075141
2018-12-28 19:20:03,14.61,8.29,2.85,0.03953343368949031,0.04556723678479824,0.03222855622075141
2018-12-28 19:40:04,14.67,8.2,2.85,0.03969578865330752,0.04507253819485471,0.03222855622075141
2018-12-28 20:00:05,14.67,8.2,2.85,0.03969578865330752,0.04507253819485471,0.03222855622075141
2018-12-28 20:20:04,14.67,8.2,2.85,0.03969578865330752,0.04507253819485471,0.03222855622075141
2018-12-28 20:40:03,14.67,8.2,2.85,0.03969578865330752,0.04507253819485471,0.03222855622075141
2018-12-28 21:20:04,14.98,8.23,2.35,0.040534622633029774,0.04523743772483589,0.02657442355044414
2018-12-28 21:40:04,15.11,8.1,2.6,0.04088639172130039,0.04452287309491746,0.029401489885597775
2018-12-28 22:00:05,14.59,8.1,2.6,0.039479315368217915,0.04452287309491746,0.029401489885597775
2018-12-28 22:20:04,14.54,8.05,3.36,0.0393440195650369,0.04424804054494884,0.03799577154446481
2018-12-28 22:40:04,14.26,8.33,2.1,0.03858636306722327,0.04578710282477314,0.02374735721529051
2018-12-28 23:00:05,14.26,8.33,2.1,0.03858636306722327,0.04578710282477314,0.02374735721529051
2018-12-28 23:20:03,14.22,8.44,2.6,0.03847812642467846,0.04639173443470412,0.029401489885597775
2018-12-28 23:40:04,14.35,8.45,3.1,0.038829895512949075,0.04644670094469784,0.03505562255590504
2018-12-29 00:00:04,14.35,8.45,3.1,0.038829895512949075,0.04644670094469784,0.03505562255590504
2018-12-29 00:20:04,14.35,8.45,3.1,0.038829895512949075,0.04644670094469784,0.03505562255590504
2018-12-29 00:40:03,14.22,8.68,3.1,0.03847812642467846,0.04771093067455353,0.03505562255590504
2018-12-29 01:00:05,14.22,8.68,3.1,0.03847812642467846,0.04771093067455353,0.03505562255590504
2018-12-29 01:20:03,14.04,8.26,1.5,0.03799106153322683,0.045402337254817064,0.01696239801092179
2018-12-29 01:40:03,13.89,8.35,2.1,0.03758517412368381,0.04589703584476059,0.02374735721529051
2018-12-29 02:00:06,13.89,8.35,2.1,0.03758517412368381,0.04589703584476059,0.02374735721529051
2018-12-29 02:20:03,13.96,8.65,2.6,0.037774588248137224,0.04754603114457236,0.029401489885597775
2018-12-29 02:40:04,14.07,8.66,2.6,0.038072239015135435,0.04760099765456608,0.029401489885597775
2018-12-29 03:00:04,14.09,8.66,2.6,0.03812635733640784,0.04760099765456608,0.029401489885597775
2018-12-29 03:20:04,14.07,8.76,3.6,0.038072239015135435,0.04815066275450333,0.0407097552262123
2018-12-29 03:40:03,14.09,8.76,3.1,0.03812635733640784,0.04815066275450333,0.03505562255590504
2018-12-29 04:00:05,14.09,8.76,3.1,0.03812635733640784,0.04815066275450333,0.03505562255590504
2018-12-29 04:20:04,13.96,8.76,2.6,0.037774588248137224,0.04815066275450333,0.029401489885597775
2018-12-29 04:40:03,14.0,8.97,3.6,0.03788282489068203,0.049304959464371564,0.0407097552262123
2018-12-29 05:00:05,14.0,8.97,3.6,0.03788282489068203,0.049304959464371564,0.0407097552262123
2018-12-29 05:20:04,13.83,9.08,4.1,0.0374228191598666,0.04990959107430254,0.04636388789651956
2018-12-29 05:40:04,13.83,9.08,4.1,0.0374228191598666,0.04990959107430254,0.04636388789651956
2018-12-29 06:00:04,13.54,9.19,5.28,0.03663810350141676,0.050514222684233515,0.05970764099844471
2018-12-29 06:20:04,13.5,9.23,4.6,0.036529866858871954,0.05073408872420842,0.05201802056682683
2018-12-29 06:40:04,13.5,9.34,4.6,0.036529866858871954,0.051338720334139394,0.05201802056682683
2018-12-29 07:00:05,13.5,9.34,4.6,0.036529866858871954,0.051338720334139394,0.05201802056682683
2018-12-29 07:20:04,13.46,9.22,5.66,0.036421630216327154,0.050679122214214695,0.06400478182787823
2018-12-29 07:40:04,13.5,9.34,6.2,0.036529866858871954,0.051338720334139394,0.07011124511181008
2018-12-29 08:00:05,13.5,9.34,6.2,0.036529866858871954,0.051338720334139394,0.07011124511181008
2018-12-29 08:20:03,13.46,9.3,4.63,0.036421630216327154,0.0511188542941645,0.05235726852704526
2018-12-29 08:40:04,13.7,9.16,5.7,0.03707105007159598,0.05034932315425234,0.06445711244150282
2018-12-29 09:00:05,13.7,9.16,5.7,0.03707105007159598,0.05034932315425234,0.06445711244150282
2018-12-29 09:20:03,13.78,9.49,5.14,0.037287523356685594,0.052163217984045274,0.05812448385075867
2018-12-29 09:40:03,14.33,9.18,5.1,0.03877577719167668,0.05045925617423979,0.05767215323713409
2018-12-29 10:00:05,14.59,9.57,5.45,0.039479315368217915,0.052602950063995076,0.06163004610634918
2018-12-29 10:20:03,14.46,9.84,5.66,0.039127546279947294,0.054087045833825655,0.06400478182787823
2018-12-29 10:40:03,14.52,10.2,5.7,0.039289901243764504,0.05606584019359977,0.06445711244150282
2018-12-29 11:00:06,14.52,10.2,5.7,0.039289901243764504,0.05606584019359977,0.06445711244150282
2018-12-29 11:20:03,14.76,10.4,6.23,0.03993932109903334,0.057165170393474275,0.07045049307202851
2018-12-29 11:40:04,14.63,10.72,6.7,0.03958755201076272,0.05892409871327348,0.07576537778211734
2018-12-29 12:00:04,14.63,10.72,6.7,0.03958755201076272,0.05892409871327348,0.07576537778211734
2018-12-29 12:20:04,14.85,10.9,6.8,0.04018285354475915,0.059913495893160536,0.07689620431617879
2018-12-29 12:40:03,14.89,11.38,6.2,0.04029109018730396,0.06255188837285935,0.07011124511181008
2018-12-29 13:00:06,14.59,11.38,6.2,0.039479315368217915,0.06255188837285935,0.07011124511181008
2018-12-29 13:20:03,14.61,11.59,6.3,0.03953343368949031,0.06370618508272757,0.07124207164587153
2018-12-29 13:40:04,14.43,11.72,6.2,0.03904636879803869,0.06442074971264601,0.07011124511181008
2018-12-29 14:00:05,14.48,11.72,6.5,0.0391816646012197,0.06442074971264601,0.07350372471399443
2018-12-29 14:20:04,14.22,11.72,6.68,0.03847812642467846,0.06442074971264601,0.07553921247530504
2018-12-29 14:40:04,14.15,11.72,5.41,0.03828871230022505,0.06442074971264601,0.0611777154927246
2018-12-29 15:20:04,13.87,11.89,6.17,0.03753105580241141,0.06535518038253935,0.06977199715159163
2018-12-29 15:40:03,13.87,11.89,6.17,0.03753105580241141,0.06535518038253935,0.06977199715159163
2018-12-29 16:00:05,13.87,11.89,6.17,0.03753105580241141,0.06535518038253935,0.06977199715159163
2018-12-29 16:20:03,13.85,11.59,4.1,0.037476937481139005,0.06370618508272757,0.04636388789651956
2018-12-29 16:40:04,13.48,11.53,3.6,0.03647574853759955,0.06337638602276523,0.0407097552262123
2018-12-29 17:00:05,13.48,11.53,3.6,0.03647574853759955,0.06337638602276523,0.0407097552262123
2018-12-29 17:20:03,13.63,11.28,4.1,0.036881635947142576,0.06200222327292209,0.04636388789651956
2018-12-29 17:40:03,13.46,11.0,4.6,0.036421630216327154,0.060463160993097786,0.05201802056682683
2018-12-29 18:00:05,13.46,11.0,4.6,0.036421630216327154,0.060463160993097786,0.05201802056682683
2018-12-29 18:20:03,13.46,11.0,4.6,0.036421630216327154,0.060463160993097786,0.05201802056682683
2018-12-29 18:40:03,13.2,10.11,4.35,0.03571809203978591,0.05557114160365624,0.04919095423167319
2018-12-29 19:00:05,13.2,10.11,4.35,0.03571809203978591,0.05557114160365624,0.04919095423167319
2018-12-29 19:20:04,13.07,9.81,3.99,0.035366322951515296,0.05392214630384449,0.04511997870905197
2018-12-29 19:40:04,13.09,9.78,4.1,0.03542044127278769,0.0537572467738633,0.04636388789651956
2018-12-29 20:00:05,13.02,9.56,3.77,0.03523102714833429,0.05254798355400135,0.04263216033411677
2018-12-29 20:20:04,12.91,9.34,3.6,0.03493337638133607,0.051338720334139394,0.0407097552262123
2018-12-29 20:40:03,12.87,8.82,3.46,0.03482513973879126,0.048480461814465685,0.03912659807852627
2018-12-29 21:00:04,12.87,8.82,3.46,0.03482513973879126,0.048480461814465685,0.03912659807852627
2018-12-29 21:20:03,13.11,8.48,2.46,0.035474559594060096,0.04661160047467903,0.02781833273791174
2018-12-29 21:40:04,13.13,8.05,1.88,0.035528677915332506,0.04424804054494884,0.02125953884035531
2018-12-29 22:00:05,12.89,7.9,1.96,0.034879258060063666,0.04342354289504296,0.022164200067604476
2018-12-29 22:20:03,12.85,7.77,2.1,0.03477102141751886,0.04270897826512453,0.02374735721529051
2018-12-29 22:40:03,12.72,6.88,2.1,0.034419252329248244,0.03781695887568298,0.02374735721529051
2018-12-29 23:00:05,13.0,6.72,2.1,0.035176908827061884,0.03693749471578338,0.02374735721529051
2018-12-29 23:20:03,12.91,6.62,2.1,0.03493337638133607,0.03638782961584613,0.02374735721529051
2018-12-29 23:40:03,12.8,7.03,3.1,0.03463572561433786,0.03864145652558886,0.03505562255590504
2018-12-30 00:00:05,12.8,7.03,3.1,0.03463572561433786,0.03864145652558886,0.03505562255590504
2018-12-30 00:20:03,12.87,7.03,3.1,0.03482513973879126,0.03864145652558886,0.03505562255590504
2018-12-30 12:40:04,14.11,9.65,4.34,0.03818047565768024,0.05304268214394488,0.04907787157826705
2018-12-30 13:00:05,14.0,9.65,4.34,0.03788282489068203,0.05304268214394488,0.04907787157826705
2018-12-30 13:20:04,13.93,9.64,4.34,0.03769341076622862,0.05298771563395115,0.04907787157826705
2018-12-30 13:40:04,14.48,9.82,4.1,0.0391816646012197,0.05397711281383821,0.04636388789651956
2018-12-30 14:00:05,14.48,9.82,4.1,0.0391816646012197,0.05397711281383821,0.04636388789651956
2018-12-30 14:20:04,14.11,9.81,4.1,0.03818047565768024,0.05392214630384449,0.04636388789651956
2018-12-30 14:40:04,14.61,10.0,3.6,0.03953343368949031,0.054966509993725265,0.0407097552262123
2018-12-30 15:00:05,14.61,10.0,3.6,0.03953343368949031,0.054966509993725265,0.0407097552262123
2018-12-30 15:20:04,14.78,9.99,4.03,0.03999343942030574,0.05491154348373154,0.04557230932267655
2018-12-30 15:40:03,14.89,9.9,5.1,0.04029109018730396,0.054416844893788015,0.05767215323713409
2018-12-30 16:00:06,14.89,9.89,4.48,0.04029109018730396,0.05436187838379429,0.05066102872595309
2018-12-30 16:20:03,14.63,9.9,3.57,0.03958755201076272,0.054416844893788015,0.040370507265993866
2018-12-30 16:40:04,14.37,10.0,2.6,0.03888401383422148,0.054966509993725265,0.029401489885597775
2018-12-30 17:00:05,14.37,10.0,2.6,0.03888401383422148,0.054966509993725265,0.029401489885597775
2018-12-30 17:20:03,14.8,10.0,3.1,0.040047557741578144,0.054966509993725265,0.03505562255590504
2018-12-30 17:40:04,14.63,9.8,3.6,0.03958755201076272,0.053867179793850764,0.0407097552262123
2018-12-30 18:00:05,14.63,9.8,3.6,0.03958755201076272,0.053867179793850764,0.0407097552262123
2018-12-30 18:20:03,14.61,9.8,2.32,0.03953343368949031,0.053867179793850764,0.026235175590225705
2018-12-30 18:40:04,14.67,9.8,3.1,0.03969578865330752,0.053867179793850764,0.03505562255590504
2018-12-30 19:00:04,14.8,9.8,3.1,0.040047557741578144,0.053867179793850764,0.03505562255590504
2018-12-30 19:20:04,14.63,9.8,2.99,0.03958755201076272,0.053867179793850764,0.03381171336843744
2018-12-30 19:40:03,14.54,9.72,2.59,0.0393440195650369,0.05342744771390096,0.029288407232191626
2018-12-30 20:00:05,14.54,9.72,2.59,0.0393440195650369,0.05342744771390096,0.029288407232191626
2018-12-30 20:20:04,14.43,9.91,4.6,0.03904636879803869,0.05447181140378174,0.05201802056682683
2018-12-30 20:40:03,14.28,9.91,4.6,0.038640481388495664,0.05447181140378174,0.05201802056682683
2018-12-30 21:00:05,14.28,9.91,4.6,0.038640481388495664,0.05447181140378174,0.05201802056682683
2018-12-30 21:20:03,14.2,9.82,4.1,0.03842400810340606,0.05397711281383821,0.04636388789651956
2018-12-30 21:40:03,14.26,9.58,2.84,0.03858636306722327,0.0526579165739888,0.03211547356734526
2018-12-30 22:00:05,14.28,9.67,3.23,0.038640481388495664,0.053152615163932326,0.03652569705018493
2018-12-30 22:20:04,14.43,9.76,2.6,0.03904636879803869,0.05364731375387585,0.029401489885597775
2018-12-30 22:40:04,14.35,9.76,3.6,0.038829895512949075,0.05364731375387585,0.0407097552262123
2018-12-30 23:00:04,14.35,9.76,3.6,0.038829895512949075,0.05364731375387585,0.0407097552262123
2018-12-30 23:20:03,14.48,9.76,4.6,0.0391816646012197,0.05364731375387585,0.05201802056682683
2018-12-30 23:40:03,14.43,9.76,3.6,0.03904636879803869,0.05364731375387585,0.0407097552262123
2018-12-31 00:00:05,14.43,9.76,3.6,0.03904636879803869,0.05364731375387585,0.0407097552262123
2018-12-31 00:20:04,14.61,9.76,3.1,0.03953343368949031,0.05364731375387585,0.03505562255590504
2018-12-31 00:40:03,14.37,9.65,2.1,0.03888401383422148,0.05304268214394488,0.02374735721529051
2018-12-31 01:00:06,14.48,9.66,2.52,0.0391816646012197,0.0530976486539386,0.02849682865834861
2018-12-31 01:20:03,14.48,9.65,2.6,0.0391816646012197,0.05304268214394488,0.029401489885597775
2018-12-31 01:40:04,14.48,9.65,2.6,0.0391816646012197,0.05304268214394488,0.029401489885597775
2018-12-31 02:00:05,14.37,9.38,2.77,0.03888401383422148,0.0515585863741143,0.031323894993502244
2018-12-31 02:20:04,14.43,9.43,2.6,0.03904636879803869,0.05183341892408292,0.029401489885597775
2018-12-31 02:40:04,14.39,9.45,3.1,0.03893813215549389,0.05194335194407037,0.03505562255590504
2018-12-31 03:00:06,14.74,9.38,2.77,0.039885202777760934,0.0515585863741143,0.031323894993502244
2018-12-31 03:20:04,14.24,9.34,2.6,0.038532244745950864,0.051338720334139394,0.029401489885597775
2018-12-31 03:40:03,14.28,9.11,3.6,0.038640481388495664,0.05007449060428371,0.0407097552262123
2018-12-31 04:00:06,14.33,9.11,3.64,0.03877577719167668,0.05007449060428371,0.04116208583983688
2018-12-31 04:20:03,14.37,9.0,3.6,0.03888401383422148,0.04946985899435274,0.0407097552262123
2018-12-31 04:40:04,14.37,8.89,3.1,0.03888401383422148,0.04886522738442176,0.03505562255590504
2018-12-31 05:00:05,14.3,8.7,3.77,0.038694599709768074,0.04782086369454097,0.04263216033411677
2018-12-31 05:20:03,14.33,8.61,4.1,0.03877577719167668,0.047326165104597445,0.04636388789651956
2018-12-31 05:40:04,14.33,8.65,4.6,0.03877577719167668,0.04754603114457236,0.05201802056682683
2018-12-31 06:00:05,14.24,8.52,4.03,0.038532244745950864,0.04683146651465392,0.04557230932267655
2018-12-31 06:20:04,14.17,8.43,3.6,0.03834283062149745,0.04633676792471039,0.0407097552262123
2018-12-31 06:40:04,14.2,8.58,3.1,0.03842400810340606,0.04716126557461628,0.03505562255590504
2018-12-31 07:00:05,14.2,8.58,3.1,0.03842400810340606,0.04716126557461628,0.03505562255590504
2018-12-31 07:20:04,14.26,8.49,3.21,0.03858636306722327,0.04666656698467275,0.03629953174337264
2018-12-31 07:40:03,14.39,8.51,3.85,0.03893813215549389,0.046776500004660194,0.043536821561365936
2018-12-31 08:00:05,14.39,8.51,3.85,0.03893813215549389,0.046776500004660194,0.043536821561365936
2018-12-31 08:20:04,13.93,8.46,2.53,0.03769341076622862,0.04650166745469158,0.028609911311754752
2018-12-31 08:40:04,14.37,8.46,2.6,0.03888401383422148,0.04650166745469158,0.029401489885597775
2018-12-31 09:00:05,14.37,8.46,2.6,0.03888401383422148,0.04650166745469158,0.029401489885597775
2018-12-31 09:20:03,13.8,8.61,2.32,0.037341641677958,0.047326165104597445,0.026235175590225705
2018-12-31 09:40:03,13.7,8.82,2.6,0.03707105007159598,0.048480461814465685,0.029401489885597775
2018-12-31 10:00:05,13.59,8.85,2.83,0.03677339930459777,0.04864536134444686,0.03200239091393912
2018-12-31 10:20:03,13.74,8.9,3.1,0.03717928671414079,0.04892019389441549,0.03505562255590504
2018-12-31 10:40:04,13.89,9.0,2.1,0.03758517412368381,0.04946985899435274,0.02374735721529051
2018-12-31 11:00:05,13.89,9.0,2.1,0.03758517412368381,0.04946985899435274,0.02374735721529051
2018-12-31 11:20:03,13.96,9.19,3.57,0.037774588248137224,0.050514222684233515,0.040370507265993866
2018-12-31 11:40:04,13.76,9.41,2.6,0.03723340503541319,0.05172348590409547,0.029401489885597775
2018-12-31 12:00:05,13.76,9.41,2.6,0.03723340503541319,0.05172348590409547,0.029401489885597775
2018-12-31 12:20:04,13.85,9.41,2.6,0.037476937481139005,0.05172348590409547,0.029401489885597775
2018-12-31 12:40:03,14.02,9.41,2.1,0.03793694321195443,0.05172348590409547,0.02374735721529051
2018-12-31 13:00:07,14.02,9.41,2.1,0.03793694321195443,0.05172348590409547,0.02374735721529051
2018-12-31 14:20:04,13.35,9.36,4.07,0.036123979449328936,0.05144865335412684,0.04602463993630113
2018-12-31 14:40:03,13.17,9.34,4.1,0.035636914557877306,0.051338720334139394,0.04636388789651956
2018-12-31 15:00:05,13.17,9.34,4.1,0.035636914557877306,0.051338720334139394,0.04636388789651956
2018-12-31 15:20:03,13.41,9.1,3.67,0.036286334413146146,0.05001952409428999,0.041501333800055315
2018-12-31 15:40:04,13.39,9.09,4.1,0.03623221609187374,0.049964557584296264,0.04636388789651956
2018-12-31 16:00:05,13.65,9.09,4.52,0.03693575426841498,0.049964557584296264,0.05111335933957766
2018-12-31 16:20:04,13.65,9.0,4.6,0.03693575426841498,0.04946985899435274,0.05201802056682683
2018-12-31 16:40:03,13.65,9.0,4.6,0.03693575426841498,0.04946985899435274,0.05201802056682683
2018-12-31 17:00:06,13.65,9.0,4.6,0.03693575426841498,0.04946985899435274,0.05201802056682683
2018-12-31 17:20:03,13.22,8.91,3.17,0.035772210361058314,0.04897516040440921,0.035847201129748055
2018-12-31 17:40:03,13.41,8.91,4.1,0.036286334413146146,0.04897516040440921,0.04636388789651956
2018-12-31 18:00:05,13.41,8.91,4.1,0.036286334413146146,0.04897516040440921,0.04636388789651956
2018-12-31 18:20:04,13.17,8.75,3.35,0.035636914557877306,0.04809569624450961,0.03788268889105867
2018-12-31 18:40:04,12.96,8.6,3.22,0.03506867218451708,0.04727119859460372,0.03641261439677878
2018-12-31 19:00:05,12.96,8.6,3.22,0.03506867218451708,0.04727119859460372,0.03641261439677878
2018-12-31 19:20:03,13.33,8.46,3.35,0.03606986112805653,0.04650166745469158,0.03788268889105867
2018-12-31 19:40:03,13.57,8.58,4.21,0.036719280983325366,0.04716126557461628,0.047607797083987165
2018-12-31 20:00:05,13.57,8.58,4.21,0.036719280983325366,0.04716126557461628,0.047607797083987165
2018-12-31 20:20:03,14.07,8.43,3.6,0.038072239015135435,0.04633676792471039,0.0407097552262123
2018-12-31 20:40:03,14.07,8.43,3.6,0.038072239015135435,0.04633676792471039,0.0407097552262123
2018-12-31 21:00:05,14.09,8.58,3.97,0.03812635733640784,0.04716126557461628,0.04489381340223968
2018-12-31 21:20:04,14.0,8.58,3.72,0.03788282489068203,0.04716126557461628,0.04206674706708605
2018-12-31 21:40:04,13.7,8.43,3.85,0.03707105007159598,0.04633676792471039,0.043536821561365936
2018-12-31 22:00:05,13.67,8.43,4.15,0.03698987258968738,0.04633676792471039,0.0469293011635503
2018-12-31 22:20:04,13.39,8.43,4.1,0.03623221609187374,0.04633676792471039,0.04636388789651956
2018-12-31 22:40:03,13.39,8.43,4.1,0.03623221609187374,0.04633676792471039,0.04636388789651956
2018-12-31 23:00:05,13.39,8.43,4.1,0.03623221609187374,0.04633676792471039,0.04636388789651956
2018-12-31 23:20:03,13.3,8.43,4.6,0.03598868364614793,0.04633676792471039,0.05201802056682683
2018-12-31 23:40:04,13.48,8.36,3.1,0.03647574853759955,0.045952002354754315,0.03505562255590504
2019-01-01 00:00:04,13.74,8.38,4.26,0.03717928671414079,0.04606193537474178,0.04817321035101789
2019-01-01 00:20:03,13.78,8.43,4.6,0.037287523356685594,0.04633676792471039,0.05201802056682683
2019-01-01 00:40:04,14.04,8.34,6.2,0.03799106153322683,0.045842069334766866,0.07011124511181008
2019-01-01 01:20:03,14.0,8.23,5.1,0.03788282489068203,0.04523743772483589,0.05767215323713409
2019-01-01 01:40:03,13.93,8.25,3.6,0.03769341076622862,0.04534737074482334,0.0407097552262123
2019-01-01 02:00:05,13.74,8.28,3.67,0.03717928671414079,0.04551227027480451,0.041501333800055315
2019-01-01 02:20:03,13.57,8.35,3.84,0.036719280983325366,0.04589703584476059,0.04342373890795979
2019-01-01 02:40:03,13.65,8.35,3.84,0.03693575426841498,0.04589703584476059,0.04342373890795979
2019-01-01 03:00:05,13.63,8.35,3.92,0.036881635947142576,0.04589703584476059,0.04432840013520895
2019-01-01 03:20:03,13.63,8.35,3.96,0.036881635947142576,0.04589703584476059,0.04478073074883353
2019-01-01 03:40:04,13.65,8.25,4.1,0.03693575426841498,0.04534737074482334,0.04636388789651956
2019-01-01 04:00:05,13.65,8.25,4.1,0.03693575426841498,0.04534737074482334,0.04636388789651956
2019-01-01 04:20:03,13.61,8.12,5.1,0.03682751762587017,0.04463280611490491,0.05767215323713409
2019-01-01 04:40:04,13.65,8.0,4.6,0.03693575426841498,0.04397320799498021,0.05201802056682683
2019-01-01 05:00:05,13.43,7.69,3.9,0.03634045273441854,0.042269246185174726,0.04410223482839666
2019-01-01 05:20:04,13.26,7.44,3.6,0.03588044700360312,0.040895083435331596,0.0407097552262123
2019-01-01 05:40:04,13.3,7.32,4.6,0.03598868364614793,0.040235485315406896,0.05201802056682683
2019-01-01 06:00:05,13.35,7.4,4.24,0.036123979449328936,0.0406752173953567,0.0479470450442056
2019-01-01 06:20:04,13.41,7.44,4.1,0.036286334413146146,0.040895083435331596,0.04636388789651956
2019-01-01 06:40:03,13.41,6.62,2.6,0.036286334413146146,0.03638782961584613,0.029401489885597775
2019-01-01 07:00:04,13.41,6.62,2.6,0.036286334413146146,0.03638782961584613,0.029401489885597775
2019-01-01 07:20:03,13.41,6.62,2.6,0.036286334413146146,0.03638782961584613,0.029401489885597775
2019-01-01 07:40:03,13.8,6.8,3.6,0.037341641677958,0.03737722679573318,0.0407097552262123
2019-01-01 08:00:05,13.67,6.73,3.6,0.03698987258968738,0.0369924612257771,0.0407097552262123
2019-01-01 08:20:03,13.48,6.99,2.2,0.03647574853759955,0.03842159048561396,0.024878183749351964
2019-01-01 08:40:04,13.52,7.53,4.1,0.03658398518014436,0.04138978202527512,0.04636388789651956
2019-01-01 09:00:05,13.74,7.5,3.68,0.03717928671414079,0.04122488249529395,0.041614416453461464
2019-01-01 09:20:03,14.17,7.49,2.93,0.03834283062149745,0.041169915985300225,0.03313321744800057
2019-01-01 09:40:03,14.17,7.49,2.93,0.03834283062149745,0.041169915985300225,0.03313321744800057
2019-01-01 10:00:04,14.17,7.49,2.93,0.03834283062149745,0.041169915985300225,0.03313321744800057
2019-01-01 10:20:04,14.24,7.99,2.82,0.038532244745950864,0.043918241484986485,0.03188930826053297
2019-01-01 10:40:03,14.11,8.41,3.85,0.03818047565768024,0.046226834904722944,0.043536821561365936
2019-01-01 11:00:05,14.11,8.41,3.85,0.03818047565768024,0.046226834904722944,0.043536821561365936
2019-01-01 11:20:03,13.91,9.11,5.07,0.037639292444956216,0.05007449060428371,0.05733290527691566
2019-01-01 11:40:04,14.17,9.51,4.6,0.03834283062149745,0.05227315100403272,0.05201802056682683
2019-01-01 12:00:05,14.17,9.51,4.6,0.03834283062149745,0.05227315100403272,0.05201802056682683
2019-01-01 12:20:03,14.5,9.91,4.1,0.0392357829224921,0.05447181140378174,0.04636388789651956
2019-01-01 12:40:03,14.46,10.15,5.1,0.039127546279947294,0.055791007643631145,0.05767215323713409
2019-01-01 13:00:05,14.91,10.1,5.2,0.04034520850857636,0.055516175093662516,0.05880297977119555
2019-01-01 13:20:04,14.54,10.02,5.14,0.0393440195650369,0.055076443013712714,0.05812448385075867
2019-01-01 13:40:04,14.54,10.02,5.14,0.0393440195650369,0.055076443013712714,0.05812448385075867
2019-01-01 14:00:05,14.54,10.02,5.14,0.0393440195650369,0.055076443013712714,0.05812448385075867
2019-01-01 14:20:04,15.26,9.92,4.63,0.04129227913084341,0.054526777913775464,0.05235726852704526
2019-01-01 14:40:04,15.52,9.93,6.2,0.04199581730738464,0.05458174442376918,0.07011124511181008
2019-01-01 15:00:05,15.57,9.93,6.13,0.04213111311056566,0.05458174442376918,0.06931966653796706
2019-01-01 15:20:03,15.67,9.92,5.63,0.04240170471692767,0.054526777913775464,0.06366553386765979
2019-01-01 15:40:03,15.8,9.74,5.1,0.04275347380519829,0.053537380733888404,0.05767215323713409
2019-01-01 16:00:05,15.8,9.74,5.1,0.04275347380519829,0.053537380733888404,0.05767215323713409
2019-01-01 16:20:03,15.17,9.09,5.03,0.0410487466851176,0.049964557584296264,0.05688057466329108
2019-01-01 16:40:04,15.09,8.82,4.1,0.040832273400027985,0.048480461814465685,0.04636388789651956
2019-01-01 17:00:05,15.09,8.82,4.1,0.040832273400027985,0.048480461814465685,0.04636388789651956
2019-01-01 17:20:04,14.87,8.82,3.1,0.04023697186603155,0.048480461814465685,0.03505562255590504
2019-01-01 17:40:03,14.83,8.28,2.6,0.04012873522348675,0.04551227027480451,0.029401489885597775
2019-01-01 18:00:05,14.67,8.28,2.59,0.03969578865330752,0.04551227027480451,0.029288407232191626
2019-01-01 18:20:03,14.63,8.1,2.6,0.03958755201076272,0.04452287309491746,0.029401489885597775
2019-01-01 18:40:04,14.67,7.46,2.6,0.03969578865330752,0.041005016455319045,0.029401489885597775
2019-01-01 19:00:05,14.67,7.46,2.6,0.03969578865330752,0.041005016455319045,0.029401489885597775
2019-01-01 19:20:03,14.76,7.28,2.6,0.03993932109903334,0.04001561927543199,0.029401489885597775
2019-01-01 19:40:03,14.5,6.81,3.1,0.0392357829224921,0.037432193305726905,0.03505562255590504
2019-01-01 20:00:05,14.5,6.81,3.1,0.0392357829224921,0.037432193305726905,0.03505562255590504
2019-01-01 20:20:03,14.57,6.54,2.1,0.03942519704694551,0.03594809753589632,0.02374735721529051
2019-01-01 20:40:03,14.52,6.37,3.1,0.039289901243764504,0.03501366686600299,0.03505562255590504
2019-01-01 21:00:04,14.52,6.37,3.1,0.039289901243764504,0.03501366686600299,0.03505562255590504
2019-01-01 21:20:04,14.33,6.1,2.1,0.03877577719167668,0.03352957109617241,0.02374735721529051
2019-01-01 21:40:03,14.22,5.87,2.6,0.03847812642467846,0.03226534136631673,0.029401489885597775
2019-01-01 22:00:05,14.07,5.72,2.95,0.038072239015135435,0.03144084371641085,0.03335938275481286
2019-01-01 22:20:04,14.15,5.57,3.1,0.03828871230022505,0.030616346066504974,0.03505562255590504
2019-01-01 22:40:03,14.15,5.57,3.1,0.03828871230022505,0.030616346066504974,0.03505562255590504
2019-01-01 23:00:05,14.15,5.05,2.96,0.03828871230022505,0.027758087546831258,0.033472465408219
2019-01-01 23:20:04,14.13,5.37,2.6,0.038234593978952645,0.029517015866630466,0.029401489885597775
2019-01-01 23:40:04,14.07,4.51,2.6,0.038072239015135435,0.024789896007170093,0.029401489885597775
2019-01-02 00:00:06,14.07,4.51,2.6,0.038072239015135435,0.024789896007170093,0.029401489885597775
2019-01-02 00:20:03,14.02,4.4,2.6,0.03793694321195443,0.024185264397239118,0.029401489885597775
2019-01-02 00:40:03,13.91,4.06,2.48,0.037639292444956216,0.022316403057452455,0.028044498044724028
2019-01-02 01:00:06,13.91,4.06,2.48,0.037639292444956216,0.022316403057452455,0.028044498044724028
2019-01-02 01:20:04,14.0,4.19,2.1,0.03788282489068203,0.02303096768737089,0.02374735721529051
2019-01-02 01:40:03,13.98,4.0,2.1,0.03782870656940963,0.021986603997490105,0.02374735721529051
2019-01-02 02:00:05,13.98,3.94,2.32,0.03782870656940963,0.02165680493752775,0.026235175590225705
2019-01-02 02:20:03,13.98,3.94,2.32,0.03782870656940963,0.02165680493752775,0.026235175590225705
2019-01-02 02:40:03,14.0,3.69,2.1,0.03788282489068203,0.02028264218768462,0.02374735721529051
2019-01-02 03:00:05,14.0,3.67,2.4,0.03788282489068203,0.020172709167697173,0.027139836817474866
2019-01-02 03:20:04,14.02,3.66,2.6,0.03793694321195443,0.020117742657703448,0.029401489885597775
2019-01-02 03:40:03,14.02,3.66,2.6,0.03793694321195443,0.020117742657703448,0.029401489885597775
2019-01-02 04:00:04,14.0,3.76,2.34,0.03788282489068203,0.0206674077576407,0.026461340897037992
2019-01-02 04:20:03,14.04,3.67,2.6,0.03799106153322683,0.020172709167697173,0.029401489885597775
2019-01-02 04:40:03,14.04,3.4,2.6,0.03799106153322683,0.01868861339786659,0.029401489885597775
2019-01-02 05:00:04,14.04,3.4,2.6,0.03799106153322683,0.01868861339786659,0.029401489885597775
2019-01-02 05:20:03,14.0,3.58,2.6,0.03788282489068203,0.019678010577753643,0.029401489885597775
2019-01-02 05:40:04,14.0,3.18,2.6,0.03788282489068203,0.017479350178004633,0.029401489885597775
2019-01-02 06:00:05,14.0,3.18,2.6,0.03788282489068203,0.017479350178004633,0.029401489885597775
2019-01-02 06:20:04,14.02,3.38,2.1,0.03793694321195443,0.018578680377879138,0.02374735721529051
2019-01-02 06:40:03,14.24,3.55,2.1,0.038532244745950864,0.019513111047772466,0.02374735721529051
2019-01-02 07:00:06,14.24,3.55,2.1,0.038532244745950864,0.019513111047772466,0.02374735721529051
2019-01-02 07:20:04,14.41,3.29,2.6,0.038992250476766285,0.01808398178793561,0.029401489885597775
2019-01-02 07:40:03,14.57,3.21,2.6,0.03942519704694551,0.01764424970798581,0.029401489885597775
2019-01-02 08:00:05,14.57,3.21,2.6,0.03942519704694551,0.01764424970798581,0.029401489885597775
2019-01-02 08:20:03,14.3,3.26,2.6,0.038694599709768074,0.017919082257954435,0.029401489885597775
2019-01-02 08:40:04,14.04,3.59,3.1,0.03799106153322683,0.019732977087747367,0.03505562255590504
2019-01-02 09:00:04,13.07,3.65,3.1,0.035366322951515296,0.02006277614770972,0.03505562255590504
2019-01-02 09:20:03,12.28,3.76,3.03,0.03322864926125538,0.0206674077576407,0.034264043982062016
2019-01-02 09:40:03,11.8,3.64,3.6,0.03192980955071771,0.020007809637715996,0.0407097552262123
2019-01-02 10:00:06,11.33,3.67,3.37,0.030658029000816243,0.020172709167697173,0.03810885419787096
2019-01-02 10:20:03,11.41,3.86,3.07,0.030874502285905853,0.02121707285757795,0.0347163745956866
2019-01-02 10:40:04,11.72,4.48,3.6,0.0317133362656281,0.02462499647718892,0.0407097552262123
2019-01-02 11:00:05,11.72,4.51,3.4,0.0317133362656281,0.024789896007170093,0.038448102158089394
2019-01-02 11:20:03,12.02,4.57,3.1,0.03252511108471414,0.025119695067132446,0.03505562255590504
2019-01-02 11:40:04,11.85,4.95,3.1,0.03206510535389871,0.027208422446894007,0.03505562255590504
2019-01-02 12:00:05,11.85,4.95,3.1,0.03206510535389871,0.027208422446894007,0.03505562255590504
2019-01-02 12:20:04,11.93,5.03,3.13,0.032281578638988326,0.02764815452684381,0.03539487051612347
2019-01-02 12:40:03,11.76,5.11,3.1,0.031821572908172904,0.02808788660679361,0.03505562255590504
2019-01-02 13:00:04,11.76,5.11,3.1,0.031821572908172904,0.02808788660679361,0.03505562255590504
2019-01-02 13:20:03,12.0,5.23,2.67,0.03247099276344174,0.028747484726718314,0.030193068459440787
2019-01-02 13:40:03,11.8,5.48,3.6,0.03192980955071771,0.030121647476561448,0.0407097552262123
2019-01-02 14:00:05,11.8,5.48,3.6,0.03192980955071771,0.030121647476561448,0.0407097552262123
2019-01-02 14:20:03,12.26,5.47,3.13,0.033174530939982974,0.030066680966567717,0.03539487051612347
2019-01-02 14:40:03,11.48,5.49,2.6,0.031063916410359264,0.03017661398655517,0.029401489885597775
2019-01-02 15:00:07,11.48,5.49,2.6,0.031063916410359264,0.03017661398655517,0.029401489885597775
2019-01-02 15:20:04,11.09,5.17,3.07,0.030008609145547406,0.02841768566675596,0.0347163745956866
2019-01-02 16:40:04,12.48,4.93,2.6,0.03376983247397941,0.02709848942690655,0.029401489885597775
2019-01-02 17:00:05,12.57,4.93,2.48,0.03401336491970522,0.02709848942690655,0.028044498044724028
2019-01-02 17:20:03,13.65,4.84,2.5,0.03693575426841498,0.026603790836963025,0.02827066335153632
2019-01-02 17:40:04,14.22,4.73,2.6,0.03847812642467846,0.02599915922703205,0.029401489885597775
2019-01-02 18:00:05,14.22,4.73,2.6,0.03847812642467846,0.02599915922703205,0.029401489885597775
2019-01-02 18:20:05,15.5,4.77,2.1,0.04194169898611225,0.026219025267006948,0.02374735721529051
2019-01-02 18:40:03,15.5,4.77,2.1,0.04194169898611225,0.026219025267006948,0.02374735721529051
2019-01-02 19:00:06,15.5,4.77,2.1,0.04194169898611225,0.026219025267006948,0.02374735721529051
2019-01-02 19:20:04,15.48,4.44,3.03,0.041887580664839844,0.02440513043721402,0.034264043982062016
2019-01-02 19:40:03,15.59,4.64,2.1,0.042185231431838055,0.02550446063708852,0.02374735721529051
2019-01-02 20:00:05,16.07,4.64,2.1,0.04348407114237573,0.02550446063708852,0.02374735721529051
2019-01-02 20:20:03,16.13,4.27,2.5,0.04364642610619293,0.023470699767320684,0.02827066335153632
2019-01-02 20:40:03,16.37,4.37,2.1,0.04429584596146177,0.02402036486725794,0.02374735721529051
2019-01-02 21:00:05,16.39,4.36,2.1,0.044349964282734175,0.023965398357264217,0.02374735721529051
2019-01-02 21:20:04,16.3,4.36,2.1,0.04410643183700836,0.023965398357264217,0.02374735721529051
2019-01-02 21:40:03,16.28,4.12,2.1,0.044052313515735964,0.022646202117414808,0.02374735721529051
2019-01-02 22:00:04,15.98,4.06,2.37,0.04324053869664991,0.022316403057452455,0.026800588857256433
2019-01-02 22:20:03,15.76,4.02,2.6,0.04264523716265348,0.022096537017477554,0.029401489885597775
2019-01-02 22:40:03,15.78,3.93,2.6,0.04269935548392589,0.02160183842753403,0.029401489885597775
2019-01-02 23:00:03,15.8,3.92,2.48,0.04275347380519829,0.021546871917540303,0.028044498044724028
2019-01-02 23:20:03,15.74,3.91,2.6,0.04259111884138108,0.02149190540754658,0.029401489885597775
2019-01-02 23:40:04,15.65,3.91,2.1,0.042347586395655265,0.02149190540754658,0.02374735721529051
2019-01-03 00:00:03,15.65,3.97,2.1,0.042347586395655265,0.02182170446750893,0.02374735721529051
2019-01-03 00:20:04,15.67,3.91,1.5,0.04240170471692767,0.02149190540754658,0.01696239801092179
2019-01-03 00:40:03,15.76,3.91,2.1,0.04264523716265348,0.02149190540754658,0.02374735721529051
2019-01-03 01:00:03,15.76,3.91,2.1,0.04264523716265348,0.02149190540754658,0.02374735721529051
2019-01-03 01:20:04,15.78,3.69,1.5,0.04269935548392589,0.02028264218768462,0.01696239801092179
2019-01-03 01:40:03,15.78,3.69,1.5,0.04269935548392589,0.02028264218768462,0.01696239801092179
2019-01-03 02:00:03,15.78,3.69,1.5,0.04269935548392589,0.02028264218768462,0.01696239801092179
2019-01-03 02:20:03,15.8,3.66,1.0,0.04275347380519829,0.020117742657703448,0.011308265340614528
2019-01-03 02:40:03,15.8,3.66,1.0,0.04275347380519829,0.020117742657703448,0.011308265340614528
2019-01-03 03:00:03,15.83,3.65,1.5,0.042834651287106895,0.02006277614770972,0.01696239801092179
2019-01-03 03:20:04,15.78,3.66,1.5,0.04269935548392589,0.020117742657703448,0.01696239801092179
2019-01-03 03:40:03,15.83,3.44,1.0,0.042834651287106895,0.01890847943784149,0.011308265340614528
2019-01-03 04:00:03,15.83,3.44,1.0,0.042834651287106895,0.01890847943784149,0.011308265340614528
2019-01-03 04:20:03,15.89,3.26,1.0,0.042997006250924105,0.017919082257954435,0.011308265340614528
2019-01-03 04:40:03,15.93,3.56,1.5,0.043105242893468905,0.019568077557766194,0.01696239801092179
2019-01-03 05:00:03,15.93,3.5,1.25,0.043105242893468905,0.01923827849780384,0.01413533167576816
2019-01-03 05:20:03,15.91,3.44,1.0,0.0430511245721965,0.01890847943784149,0.011308265340614528
2019-01-03 05:40:04,15.91,3.44,1.0,0.0430511245721965,0.01890847943784149,0.011308265340614528
2019-01-03 06:00:03,15.91,3.44,1.0,0.0430511245721965,0.01890847943784149,0.011308265340614528
2019-01-03 06:20:03,15.96,3.54,1.5,0.04318642037537752,0.019458144537778742,0.01696239801092179
2019-01-03 06:40:03,16.17,3.4,2.1,0.043754662748737745,0.01868861339786659,0.02374735721529051
2019-01-03 07:00:04,16.17,3.4,2.1,0.043754662748737745,0.01868861339786659,0.02374735721529051
2019-01-03 07:20:03,16.17,3.4,2.1,0.043754662748737745,0.01868861339786659,0.02374735721529051
2019-01-03 07:40:03,16.63,3.35,1.5,0.04499938413800301,0.018413780847897965,0.01696239801092179
2019-01-03 08:00:03,17.37,3.48,1.5,0.04700176202508192,0.019128345477816392,0.01696239801092179
2019-01-03 08:20:03,16.74,3.58,1.54,0.04529703490500122,0.019678010577753643,0.017414728624546374
2019-01-03 08:40:04,16.5,3.35,1.0,0.044647615049732386,0.018413780847897965,0.011308265340614528
2019-01-03 09:00:04,16.5,3.35,1.0,0.044647615049732386,0.018413780847897965,0.011308265340614528
2019-01-03 09:20:04,13.78,3.48,1.5,0.037287523356685594,0.019128345477816392,0.01696239801092179
2019-01-03 09:40:03,13.78,3.48,1.5,0.037287523356685594,0.019128345477816392,0.01696239801092179
2019-01-03 10:00:04,12.48,3.55,1.38,0.03376983247397941,0.019513111047772466,0.015605406170048047
2019-01-03 10:20:03,12.07,3.82,1.11,0.03266040688789515,0.02099720681760305,0.012552174528082128
2019-01-03 10:40:04,11.59,3.92,1.8,0.031361567177357476,0.021546871917540303,0.02035487761310615
2019-01-03 11:00:04,11.67,3.92,1.83,0.03157804046244709,0.021546871917540303,0.020694125573324586
2019-01-03 11:20:03,11.5,4.15,2.22,0.031118034731631664,0.022811101647395984,0.025104349056164255
2019-01-03 11:40:03,11.76,4.39,2.05,0.031821572908172904,0.02413029788724539,0.02318194394825978
2019-01-03 12:00:03,11.76,4.39,2.05,0.031821572908172904,0.02413029788724539,0.02318194394825978
2019-01-03 12:20:03,11.96,4.39,2.6,0.03236275612089694,0.02413029788724539,0.029401489885597775
2019-01-03 12:40:03,12.52,4.29,2.05,0.03387806911652421,0.02358063278730814,0.02318194394825978
2019-01-03 13:00:03,12.52,4.29,2.05,0.03387806911652421,0.02358063278730814,0.02318194394825978
2019-01-03 13:20:03,11.87,4.62,2.1,0.032119223675171116,0.02539452761710107,0.02374735721529051
2019-01-03 13:40:03,11.87,4.62,2.1,0.032119223675171116,0.02539452761710107,0.02374735721529051
2019-01-03 14:00:03,11.87,4.62,2.1,0.032119223675171116,0.02539452761710107,0.02374735721529051
2019-01-03 14:20:03,11.63,4.33,2.21,0.03146980381990229,0.02380049882728304,0.024991266402758106
2019-01-03 14:40:03,12.2,4.39,2.05,0.033012175976165764,0.02413029788724539,0.02318194394825978
2019-01-03 15:00:03,12.17,4.37,2.03,0.03293099849425716,0.02402036486725794,0.02295577864144749
2019-01-03 15:20:04,12.37,4.29,2.49,0.03347218170698119,0.02358063278730814,0.028157580698130177
2019-01-03 15:40:03,12.5,4.48,1.5,0.03382395079525181,0.02462499647718892,0.01696239801092179
2019-01-03 16:00:04,12.5,4.48,1.5,0.03382395079525181,0.02462499647718892,0.01696239801092179
2019-01-03 16:20:03,12.76,4.24,2.53,0.03452748897179305,0.023305800237339514,0.028609911311754752
2019-01-03 16:40:03,12.85,3.87,2.1,0.03477102141751886,0.021272039367571677,0.02374735721529051
2019-01-03 17:00:03,12.85,3.87,2.1,0.03477102141751886,0.021272039367571677,0.02374735721529051
2019-01-03 17:20:03,13.85,3.87,2.13,0.037476937481139005,0.021272039367571677,0.024086605175508945
2019-01-03 17:40:04,13.78,3.87,2.6,0.037287523356685594,0.021272039367571677,0.029401489885597775
2019-01-03 18:00:03,13.78,3.87,2.6,0.037287523356685594,0.021272039367571677,0.029401489885597775
2019-01-03 18:20:03,13.78,3.87,2.6,0.037287523356685594,0.021272039367571677,0.029401489885597775
2019-01-03 18:40:04,15.17,3.83,2.6,0.0410487466851176,0.021052173327596777,0.029401489885597775
2019-01-03 19:00:04,15.17,3.83,2.6,0.0410487466851176,0.021052173327596777,0.029401489885597775
2019-01-03 19:20:03,14.93,3.63,1.57,0.04039932682984876,0.019952843127722268,0.01775397658476481
2019-01-03 19:40:03,15.07,3.66,1.5,0.04077815507875558,0.020117742657703448,0.01696239801092179
2019-01-03 20:00:03,15.07,3.66,1.5,0.04077815507875558,0.020117742657703448,0.01696239801092179
2019-01-03 20:20:04,15.5,3.43,1.57,0.04194169898611225,0.018853512927847767,0.01775397658476481
2019-01-03 20:40:03,15.54,2.88,1.5,0.04204993562865705,0.015830354878192874,0.01696239801092179
2019-01-03 21:00:04,15.54,2.88,1.5,0.04204993562865705,0.015830354878192874,0.01696239801092179
2019-01-03 21:20:04,15.46,2.43,1.5,0.04183346234356744,0.01335686192847524,0.01696239801092179
2019-01-03 21:40:03,15.07,2.43,1.5,0.04077815507875558,0.01335686192847524,0.01696239801092179
2019-01-03 22:00:04,15.07,2.43,1.5,0.04077815507875558,0.01335686192847524,0.01696239801092179
2019-01-03 22:20:03,14.7,2.3,1.12,0.03977696613521613,0.01264229729855681,0.012665257181488273
2019-01-03 22:40:04,14.52,2.31,1.0,0.039289901243764504,0.012697263808550536,0.011308265340614528
2019-01-03 23:00:03,14.57,2.31,1.0,0.03942519704694551,0.012697263808550536,0.011308265340614528
2019-01-03 23:20:03,14.59,2.12,1.54,0.039479315368217915,0.011652900118669757,0.017414728624546374
2019-01-03 23:40:03,14.59,2.12,1.54,0.039479315368217915,0.011652900118669757,0.017414728624546374
2019-01-04 00:00:04,14.54,2.21,0.5,0.0393440195650369,0.012147598708613283,0.005654132670307264
2019-01-04 00:20:03,14.22,2.12,0.5,0.03847812642467846,0.011652900118669757,0.005654132670307264
2019-01-04 00:40:04,14.26,2.12,0.5,0.03858636306722327,0.011652900118669757,0.005654132670307264
2019-01-04 01:00:03,14.28,1.88,1.0,0.038640481388495664,0.01033370387882035,0.011308265340614528
2019-01-04 01:20:03,14.3,1.62,1.16,0.038694599709768074,0.008904574618983493,0.013117587795112852
2019-01-04 01:40:03,14.22,1.57,1.17,0.03847812642467846,0.008629742069014866,0.013230670448518996
2019-01-04 02:00:03,14.26,1.44,1.0,0.03858636306722327,0.007915177439096437,0.011308265340614528
2019-01-04 02:20:03,14.26,1.22,1.01,0.03858636306722327,0.006705914219234482,0.011421347994020673
2019-01-04 02:40:03,14.3,1.22,2.92,0.038694599709768074,0.006705914219234482,0.03302013479459442
2019-01-04 03:00:03,14.3,1.21,1.5,0.038694599709768074,0.006650947709240756,0.01696239801092179
2019-01-04 03:20:03,14.35,1.45,1.43,0.038829895512949075,0.007970143949090163,0.016170819437078775
2019-01-04 03:40:03,14.33,1.44,1.43,0.03877577719167668,0.007915177439096437,0.016170819437078775
2019-01-04 04:00:03,14.33,1.44,0.5,0.03877577719167668,0.007915177439096437,0.005654132670307264
2019-01-04 04:20:03,14.35,1.44,0.5,0.038829895512949075,0.007915177439096437,0.005654132670307264
2019-01-04 04:40:03,14.33,1.22,1.0,0.03877577719167668,0.006705914219234482,0.011308265340614528
2019-01-04 05:00:03,14.85,1.21,1.0,0.04018285354475915,0.006650947709240756,0.011308265340614528
2019-01-04 05:20:03,14.98,1.44,1.5,0.040534622633029774,0.007915177439096437,0.01696239801092179
2019-01-04 05:40:04,14.98,1.44,1.5,0.040534622633029774,0.007915177439096437,0.01696239801092179
2019-01-04 06:00:03,14.89,1.56,1.5,0.04029109018730396,0.008574775559021142,0.01696239801092179
2019-01-04 06:20:03,14.89,1.56,1.5,0.04029109018730396,0.008574775559021142,0.01696239801092179
2019-01-04 06:40:03,15.04,1.36,2.07,0.04069697759684698,0.007475445359146636,0.02340810925507207
2019-01-04 07:00:03,15.04,1.32,1.5,0.04069697759684698,0.007255579319171735,0.01696239801092179
2019-01-04 07:20:03,15.04,1.32,1.5,0.04069697759684698,0.007255579319171735,0.01696239801092179
2019-01-04 07:40:03,15.89,0.26,1.5,0.042997006250924105,0.0014291292598368568,0.01696239801092179
2019-01-04 08:00:03,15.76,0.01,1.5,0.04264523716265348,5.4966509993725265e-05,0.01696239801092179
2019-01-04 08:20:03,15.11,-0.35,2.06,0.04088639172130039,-0.001923827849780384,0.02329502660166593
2019-01-04 08:40:03,15.22,-0.46,1.7,0.04118404248829861,-0.002528459459711362,0.019224051079044697
2019-01-04 09:00:04,14.52,-0.56,1.5,0.039289901243764504,-0.003078124559648615,0.01696239801092179
2019-01-04 09:20:03,12.74,-0.76,1.54,0.03447337065052065,-0.00417745475952312,0.017414728624546374
2019-01-04 09:40:03,12.11,-0.69,1.22,0.03276864353043995,-0.0037926891895670427,0.013796083715549724
2019-01-04 10:00:03,12.11,-0.69,1.22,0.03276864353043995,-0.0037926891895670427,0.013796083715549724
2019-01-04 10:20:03,11.09,-0.34,1.0,0.030008609145547406,-0.001868861339786659,0.011308265340614528
2019-01-04 10:40:03,10.76,0.66,1.0,0.029115656844552758,0.0036277896595858674,0.011308265340614528
2019-01-04 11:00:03,11.09,1.17,1.5,0.030008609145547406,0.006431081669265855,0.01696239801092179
2019-01-04 11:20:03,11.28,1.8,2.1,0.03052273319763523,0.009893971798870548,0.02374735721529051
2019-01-04 11:40:03,11.28,1.8,2.1,0.03052273319763523,0.009893971798870548,0.02374735721529051
2019-01-04 12:00:03,11.28,1.8,2.1,0.03052273319763523,0.009893971798870548,0.02374735721529051
2019-01-04 12:20:04,12.33,2.56,3.57,0.033363945064436386,0.014071426558393668,0.040370507265993866
2019-01-04 12:40:03,12.63,2.95,3.99,0.03417571988352243,0.016215120448148955,0.04511997870905197
2019-01-04 13:00:03,12.63,2.95,3.99,0.03417571988352243,0.016215120448148955,0.04511997870905197
2019-01-04 13:20:03,12.61,3.19,3.17,0.034121601562250026,0.017534316687998357,0.035847201129748055
2019-01-04 13:40:03,12.5,3.27,3.97,0.03382395079525181,0.01797404876794816,0.04489381340223968
2019-01-04 14:00:03,12.5,3.27,3.97,0.03382395079525181,0.01797404876794816,0.04489381340223968
2019-01-04 14:20:03,12.0,3.1,4.07,0.03247099276344174,0.01703961809805483,0.04602463993630113
2019-01-04 14:40:03,12.04,3.07,3.26,0.032579229405986544,0.016874718568073654,0.03686494501040336
2019-01-04 15:00:03,12.04,3.07,3.26,0.032579229405986544,0.016874718568073654,0.03686494501040336
2019-01-04 15:20:04,11.65,2.71,2.6,0.031523922141174686,0.014895924208299546,0.029401489885597775
2019-01-04 15:40:03,11.8,2.71,2.23,0.03192980955071771,0.014895924208299546,0.025217431709570397
2019-01-04 16:20:03,13.17,2.66,1.2,0.035636914557877306,0.01462109165833092,0.013569918408737433
2019-01-04 16:40:03,13.26,2.2,0.92,0.03588044700360312,0.012092632198619559,0.010403604113365366
2019-01-04 17:00:03,13.26,2.2,0.92,0.03588044700360312,0.012092632198619559,0.010403604113365366
2019-01-04 17:20:03,13.26,2.2,0.92,0.03588044700360312,0.012092632198619559,0.010403604113365366
2019-01-04 17:40:03,14.74,1.99,2.1,0.039885202777760934,0.010938335488751328,0.02374735721529051
2019-01-04 18:00:03,14.74,1.99,2.1,0.039885202777760934,0.010938335488751328,0.02374735721529051
2019-01-04 18:20:03,14.74,1.99,2.1,0.039885202777760934,0.010938335488751328,0.02374735721529051
2019-01-04 18:40:03,14.74,1.99,2.1,0.039885202777760934,0.010938335488751328,0.02374735721529051
2019-01-04 19:00:03,14.74,1.99,2.1,0.039885202777760934,0.010938335488751328,0.02374735721529051
2019-01-04 19:20:03,14.74,1.99,2.1,0.039885202777760934,0.010938335488751328,0.02374735721529051
2019-01-04 19:40:03,14.83,1.33,3.6,0.04012873522348675,0.00731054582916546,0.0407097552262123
2019-01-04 20:00:03,14.83,1.33,3.6,0.04012873522348675,0.00731054582916546,0.0407097552262123
2019-01-04 20:20:03,14.76,1.41,2.6,0.03993932109903334,0.007750277909115261,0.029401489885597775
2019-01-04 20:40:04,14.7,1.66,3.1,0.03977696613521613,0.009124440658958392,0.03505562255590504
2019-01-04 21:00:03,14.7,1.66,3.1,0.03977696613521613,0.009124440658958392,0.03505562255590504
2019-01-04 21:20:03,14.98,1.74,3.1,0.040534622633029774,0.009564172738908196,0.03505562255590504
2019-01-04 21:40:03,14.98,1.74,3.1,0.040534622633029774,0.009564172738908196,0.03505562255590504
2019-01-04 22:00:03,14.37,1.53,1.8,0.03888401383422148,0.008409876029039965,0.02035487761310615
2019-01-04 22:20:04,14.35,2.11,2.6,0.038829895512949075,0.01159793360867603,0.029401489885597775
2019-01-04 22:40:03,14.63,2.19,2.6,0.03958755201076272,0.012037665688625833,0.029401489885597775
2019-01-04 23:00:03,14.59,2.11,2.38,0.039479315368217915,0.01159793360867603,0.026913671510662575
2019-01-04 23:20:03,14.59,2.0,2.1,0.039479315368217915,0.010993301998745052,0.02374735721529051
2019-01-04 23:40:03,14.5,2.36,2.1,0.0392357829224921,0.012972096358519161,0.02374735721529051
2019-01-05 00:00:03,14.5,2.36,2.1,0.0392357829224921,0.012972096358519161,0.02374735721529051
2019-01-05 00:20:03,14.5,2.91,3.1,0.0392357829224921,0.01599525440817405,0.03505562255590504
2019-01-05 00:40:03,14.52,2.93,4.1,0.039289901243764504,0.016105187428161503,0.04636388789651956
2019-01-05 01:00:03,14.52,2.92,3.85,0.039289901243764504,0.016050220918167775,0.043536821561365936
2019-01-05 01:20:03,14.63,2.91,3.6,0.03958755201076272,0.01599525440817405,0.0407097552262123
2019-01-05 01:40:04,14.63,2.91,3.6,0.03958755201076272,0.01599525440817405,0.0407097552262123
2019-01-05 02:00:03,14.63,2.91,3.6,0.03958755201076272,0.01599525440817405,0.0407097552262123
2019-01-05 02:20:03,14.87,3.13,3.6,0.04023697186603155,0.017204517628036008,0.0407097552262123
2019-01-05 02:40:03,14.87,3.24,2.58,0.04023697186603155,0.017809149237966986,0.029175324578785484
2019-01-05 03:00:03,14.87,3.25,3.58,0.04023697186603155,0.01786411574796071,0.04048358991940001
2019-01-05 03:20:03,14.98,3.23,4.6,0.040534622633029774,0.01775418272797326,0.05201802056682683
2019-01-05 03:40:03,14.96,3.25,4.1,0.04048050431175737,0.01786411574796071,0.04636388789651956
2019-01-05 04:00:03,14.89,3.25,4.1,0.04029109018730396,0.01786411574796071,0.04636388789651956
2019-01-05 04:20:03,14.87,3.23,4.1,0.04023697186603155,0.01775418272797326,0.04636388789651956
2019-01-05 04:40:03,14.85,3.25,3.1,0.04018285354475915,0.01786411574796071,0.03505562255590504
2019-01-05 05:00:03,14.85,3.25,3.1,0.04018285354475915,0.01786411574796071,0.03505562255590504
2019-01-05 05:20:03,15.15,3.47,3.6,0.040994628363845195,0.019073378967822668,0.0407097552262123
2019-01-05 05:40:04,14.93,3.41,3.6,0.04039932682984876,0.018743579907860314,0.0407097552262123
2019-01-05 06:00:03,14.91,3.43,3.06,0.04034520850857636,0.018853512927847767,0.034603291942280456
2019-01-05 06:20:03,14.85,3.47,2.6,0.04018285354475915,0.019073378967822668,0.029401489885597775
2019-01-05 06:40:03,14.83,3.7,3.6,0.04012873522348675,0.02033760869767835,0.0407097552262123
2019-01-05 07:00:04,14.83,3.7,3.6,0.04012873522348675,0.02033760869767835,0.0407097552262123
2019-01-05 07:20:03,14.8,4.03,3.5,0.040047557741578144,0.02215150352747128,0.03957892869215085
2019-01-05 07:40:03,14.74,4.03,3.1,0.039885202777760934,0.02215150352747128,0.03505562255590504
2019-01-05 08:00:03,14.74,4.03,3.1,0.039885202777760934,0.02215150352747128,0.03505562255590504
2019-01-05 08:20:03,14.89,3.44,3.6,0.04029109018730396,0.01890847943784149,0.0407097552262123
2019-01-05 08:40:03,14.98,3.89,2.6,0.040534622633029774,0.021381972387559126,0.029401489885597775
2019-01-05 09:00:03,14.98,3.89,2.6,0.040534622633029774,0.021381972387559126,0.029401489885597775
2019-01-05 09:20:03,15.37,3.66,4.13,0.041589929897841625,0.020117742657703448,0.046703135856738
2019-01-05 09:40:03,15.89,3.83,4.1,0.042997006250924105,0.021052173327596777,0.04636388789651956
2019-01-05 10:00:03,15.89,3.83,4.1,0.042997006250924105,0.021052173327596777,0.04636388789651956
2019-01-05 10:20:03,15.96,3.74,3.67,0.04318642037537752,0.02055747473765325,0.041501333800055315
2019-01-05 10:40:03,15.87,3.74,4.1,0.042942887929651695,0.02055747473765325,0.04636388789651956
2019-01-05 11:00:03,16.02,3.61,4.28,0.04334877533919472,0.01984291010773482,0.04839937565783018
2019-01-05 11:20:04,16.09,3.5,4.21,0.04353818946364813,0.01923827849780384,0.047607797083987165
2019-01-05 11:40:03,15.67,3.82,4.1,0.04240170471692767,0.02099720681760305,0.04636388789651956
2019-01-05 12:00:03,15.67,3.82,4.1,0.04240170471692767,0.02099720681760305,0.04636388789651956
2019-01-05 12:20:03,14.89,3.9,3.63,0.04029109018730396,0.02143693889755285,0.04104900318643073
2019-01-05 12:40:03,15.37,4.09,3.6,0.041589929897841625,0.02248130258743363,0.0407097552262123
2019-01-05 13:00:03,15.3,4.09,3.34,0.04140051577338822,0.02248130258743363,0.03776960623765252
2019-01-05 13:20:03,15.28,4.17,3.13,0.04134639745211581,0.022921034667383433,0.03539487051612347
2019-01-05 13:40:03,15.37,4.41,3.1,0.041589929897841625,0.024240230907232842,0.03505562255590504
2019-01-05 14:00:03,15.37,4.41,3.1,0.041589929897841625,0.024240230907232842,0.03505562255590504
2019-01-05 14:20:03,15.26,4.4,3.6,0.04129227913084341,0.024185264397239118,0.0407097552262123
2019-01-05 14:40:03,15.28,4.41,3.6,0.04134639745211581,0.024240230907232842,0.0407097552262123
2019-01-05 15:00:03,15.28,4.41,3.6,0.04134639745211581,0.024240230907232842,0.0407097552262123
2019-01-05 15:20:03,15.57,4.46,4.03,0.04213111311056566,0.024515063457201468,0.04557230932267655
2019-01-05 15:40:03,15.8,4.64,3.1,0.04275347380519829,0.02550446063708852,0.03505562255590504
2019-01-05 16:00:03,15.85,4.64,3.14,0.04288876960837929,0.02550446063708852,0.03550795316952962
2019-01-05 16:20:03,15.93,4.64,3.07,0.043105242893468905,0.02550446063708852,0.0347163745956866
2019-01-05 16:40:03,15.93,4.64,2.6,0.043105242893468905,0.02550446063708852,0.029401489885597775
2019-01-05 17:00:03,15.93,4.64,2.6,0.043105242893468905,0.02550446063708852,0.029401489885597775
2019-01-05 17:20:03,15.52,4.64,3.07,0.04199581730738464,0.02550446063708852,0.0347163745956866
2019-01-05 17:40:03,15.5,4.31,3.35,0.04194169898611225,0.023690565807295585,0.03788268889105867
2019-01-05 18:00:03,15.5,4.31,3.35,0.04194169898611225,0.023690565807295585,0.03788268889105867
2019-01-05 18:20:03,15.04,4.74,3.03,0.04069697759684698,0.026054125737025775,0.034264043982062016
2019-01-05 18:40:03,15.09,4.51,3.1,0.040832273400027985,0.024789896007170093,0.03505562255590504
2019-01-05 19:00:03,14.96,4.51,3.05,0.04048050431175737,0.024789896007170093,0.03449020928887431
2019-01-05 19:20:03,14.96,4.51,3.05,0.04048050431175737,0.024789896007170093,0.03449020928887431
2019-01-05 19:40:03,14.96,4.51,3.05,0.04048050431175737,0.024789896007170093,0.03449020928887431
2019-01-05 20:00:03,14.96,4.51,3.05,0.04048050431175737,0.024789896007170093,0.03449020928887431
2019-01-05 20:20:03,14.98,4.62,2.85,0.040534622633029774,0.02539452761710107,0.03222855622075141
2019-01-05 20:40:03,14.87,4.72,2.35,0.04023697186603155,0.025944192717038322,0.02657442355044414
2019-01-05 21:00:03,14.87,4.73,3.05,0.04023697186603155,0.02599915922703205,0.03449020928887431
2019-01-05 21:20:03,14.76,4.81,3.1,0.03993932109903334,0.02643889130698185,0.03505562255590504
2019-01-05 21:40:03,14.63,5.03,3.1,0.03958755201076272,0.02764815452684381,0.03505562255590504
2019-01-05 22:00:04,14.63,5.03,3.1,0.03958755201076272,0.02764815452684381,0.03505562255590504
2019-01-05 22:20:03,14.57,4.91,2.6,0.03942519704694551,0.026988556406919106,0.029401489885597775
2019-01-05 22:40:03,14.57,4.91,2.6,0.03942519704694551,0.026988556406919106,0.029401489885597775
2019-01-05 23:00:03,14.5,5.02,2.87,0.0392357829224921,0.027593188016850078,0.0324547215275637
2019-01-05 23:20:03,14.43,5.02,2.6,0.03904636879803869,0.027593188016850078,0.029401489885597775
2019-01-05 23:40:03,14.43,5.02,2.6,0.03904636879803869,0.027593188016850078,0.029401489885597775
2019-01-06 00:00:03,14.43,5.02,2.6,0.03904636879803869,0.027593188016850078,0.029401489885597775
2019-01-06 00:20:04,14.41,5.0,2.1,0.038992250476766285,0.027483254996862633,0.02374735721529051
2019-01-06 00:40:03,14.46,5.01,2.6,0.039127546279947294,0.027538221506856357,0.029401489885597775
2019-01-06 01:00:03,14.52,5.12,3.12,0.039289901243764504,0.028142853116787336,0.03528178786271733
2019-01-06 01:20:03,14.7,5.22,3.6,0.03977696613521613,0.028692518216724586,0.0407097552262123
2019-01-06 01:40:03,14.8,5.14,4.1,0.040047557741578144,0.028252786136774784,0.04636388789651956
2019-01-06 02:00:03,14.85,5.21,3.43,0.04018285354475915,0.028637551706730862,0.038787350118307834
2019-01-06 02:20:03,14.89,5.24,3.1,0.04029109018730396,0.02880245123671204,0.03505562255590504
2019-01-06 02:40:03,14.91,5.34,2.6,0.04034520850857636,0.02935211633664929,0.029401489885597775
2019-01-06 03:00:03,14.91,5.26,2.6,0.04034520850857636,0.028912384256699487,0.029401489885597775
2019-01-06 03:20:04,14.93,5.22,2.6,0.04039932682984876,0.028692518216724586,0.029401489885597775
2019-01-06 03:40:03,15.02,5.26,2.1,0.040642859275574574,0.028912384256699487,0.02374735721529051
2019-01-06 04:00:03,15.0,5.25,2.39,0.04058874095430217,0.028857417746705763,0.027026754164068724
2019-01-06 04:20:04,15.02,5.25,2.6,0.040642859275574574,0.028857417746705763,0.029401489885597775
2019-01-06 04:40:03,15.2,5.43,3.34,0.0411299241670262,0.029846814926592816,0.03776960623765252
2019-01-06 05:00:03,15.13,5.43,3.02,0.04094051004257279,0.029846814926592816,0.034150961328655874
2019-01-06 05:20:03,15.15,5.44,2.84,0.040994628363845195,0.029901781436586544,0.03211547356734526
2019-01-06 05:40:03,15.17,5.26,3.1,0.0410487466851176,0.028912384256699487,0.03505562255590504
2019-01-06 06:00:03,15.17,5.26,3.1,0.0410487466851176,0.028912384256699487,0.03505562255590504
2019-01-06 06:20:03,15.15,5.33,2.6,0.040994628363845195,0.029297149826655565,0.029401489885597775
2019-01-06 06:40:03,15.15,5.33,2.6,0.040994628363845195,0.029297149826655565,0.029401489885597775
2019-01-06 07:00:03,15.13,5.25,3.1,0.04094051004257279,0.028857417746705763,0.03505562255590504
2019-01-06 07:20:03,15.13,5.25,3.1,0.04094051004257279,0.028857417746705763,0.03505562255590504
2019-01-06 07:40:03,14.87,5.76,3.6,0.04023697186603155,0.03166070975638575,0.0407097552262123
2019-01-06 08:00:03,14.87,5.76,3.6,0.04023697186603155,0.03166070975638575,0.0407097552262123
2019-01-06 08:20:04,14.65,5.59,1.63,0.039641670332035125,0.03072627908649242,0.01843247250520168
2019-01-06 08:40:03,14.83,5.72,2.85,0.04012873522348675,0.03144084371641085,0.03222855622075141
2019-01-06 09:00:03,14.74,5.72,2.85,0.039885202777760934,0.03144084371641085,0.03222855622075141
2019-01-06 09:20:03,15.02,5.59,1.74,0.040642859275574574,0.03072627908649242,0.01967638169266928
2019-01-06 09:40:03,14.63,6.0,2.6,0.03958755201076272,0.03297990599623516,0.029401489885597775
2019-01-06 10:00:03,14.63,6.0,2.6,0.03958755201076272,0.03297990599623516,0.029401489885597775
2019-01-06 10:20:04,14.85,6.25,2.02,0.04018285354475915,0.03435406874607829,0.022842695988041346
2019-01-06 10:40:03,14.83,6.41,2.85,0.04012873522348675,0.035233532905977895,0.03222855622075141
2019-01-06 11:00:03,15.07,6.41,2.85,0.04077815507875558,0.035233532905977895,0.03222855622075141
2019-01-06 11:20:03,15.15,7.01,3.57,0.040994628363845195,0.038531523505601406,0.040370507265993866
2019-01-06 11:40:03,15.15,7.01,3.57,0.040994628363845195,0.038531523505601406,0.040370507265993866
2019-01-06 12:00:03,15.15,7.01,3.57,0.040994628363845195,0.038531523505601406,0.040370507265993866
2019-01-06 12:20:03,15.07,7.92,3.13,0.04077815507875558,0.04353347591503041,0.03539487051612347
2019-01-06 12:40:04,14.63,8.02,3.1,0.03958755201076272,0.04408314101496766,0.03505562255590504
2019-01-06 13:00:03,14.63,8.02,3.1,0.03958755201076272,0.04408314101496766,0.03505562255590504
2019-01-06 13:20:03,14.59,8.16,2.7,0.039479315368217915,0.044852672154879814,0.030532316419659228
2019-01-06 13:40:03,14.41,8.64,2.6,0.038992250476766285,0.04749106463457863,0.029401489885597775
2019-01-06 14:00:03,14.41,8.64,2.6,0.038992250476766285,0.04749106463457863,0.029401489885597775
2019-01-06 14:20:03,14.02,8.91,2.13,0.03793694321195443,0.04897516040440921,0.024086605175508945
2019-01-06 14:40:03,14.22,8.91,3.1,0.03847812642467846,0.04897516040440921,0.03505562255590504
2019-01-06 15:00:03,14.28,8.91,3.1,0.038640481388495664,0.04897516040440921,0.03505562255590504
2019-01-06 15:20:03,14.26,8.91,2.93,0.03858636306722327,0.04897516040440921,0.03313321744800057
2019-01-06 15:40:03,13.93,8.91,3.6,0.03769341076622862,0.04897516040440921,0.0407097552262123
2019-01-06 16:00:03,13.93,8.91,3.6,0.03769341076622862,0.04897516040440921,0.0407097552262123
2019-01-06 16:20:04,13.85,8.91,2.46,0.037476937481139005,0.04897516040440921,0.02781833273791174
2019-01-06 16:40:03,13.67,8.82,2.1,0.03698987258968738,0.048480461814465685,0.02374735721529051
2019-01-06 17:00:03,13.59,8.78,2.19,0.03677339930459777,0.04826059577449078,0.024765101095945815
2019-01-06 17:20:03,13.59,8.78,2.19,0.03677339930459777,0.04826059577449078,0.024765101095945815
2019-01-06 17:40:03,13.5,8.55,2.6,0.036529866858871954,0.046996366044635106,0.029401489885597775
2019-01-06 18:00:04,13.5,8.55,2.6,0.036529866858871954,0.046996366044635106,0.029401489885597775
2019-01-06 18:20:04,13.5,8.55,2.6,0.036529866858871954,0.046996366044635106,0.029401489885597775
2019-01-06 18:40:03,13.5,8.55,2.6,0.036529866858871954,0.046996366044635106,0.029401489885597775
2019-01-06 19:00:03,13.37,8.19,3.72,0.03617809777060133,0.04501757168486099,0.04206674706708605
2019-01-06 19:20:03,13.37,8.19,3.72,0.03617809777060133,0.04501757168486099,0.04206674706708605
2019-01-06 19:40:04,13.74,8.04,2.84,0.03717928671414079,0.04419307403495511,0.03211547356734526
2019-01-06 20:00:03,13.8,8.12,2.14,0.037341641677958,0.04463280611490491,0.02419968782891509
2019-01-06 20:20:03,13.63,8.15,1.5,0.036881635947142576,0.04479770564488609,0.01696239801092179
2019-01-06 20:40:04,13.39,7.91,1.5,0.03623221609187374,0.04347850940503668,0.01696239801092179
2019-01-06 21:00:03,13.39,7.82,1.84,0.03623221609187374,0.04298381081509316,0.020807208226730732
2019-01-06 21:20:03,13.65,7.73,2.1,0.03693575426841498,0.04248911222514963,0.02374735721529051
2019-01-06 21:40:03,13.65,7.73,2.1,0.03693575426841498,0.04248911222514963,0.02374735721529051
2019-01-06 22:00:03,13.65,7.73,2.1,0.03693575426841498,0.04248911222514963,0.02374735721529051
2019-01-06 22:20:03,13.63,7.52,2.1,0.036881635947142576,0.0413348155152814,0.02374735721529051
2019-01-06 22:40:03,13.63,7.52,2.1,0.036881635947142576,0.0413348155152814,0.02374735721529051
2019-01-06 23:00:03,13.63,7.52,2.1,0.036881635947142576,0.0413348155152814,0.02374735721529051
2019-01-06 23:20:03,13.63,7.52,2.1,0.036881635947142576,0.0413348155152814,0.02374735721529051
2019-01-06 23:40:03,13.63,7.52,2.1,0.036881635947142576,0.0413348155152814,0.02374735721529051
2019-01-07 00:00:03,13.57,7.08,1.83,0.036719280983325366,0.038916289075557484,0.020694125573324586
2019-01-07 00:20:03,13.46,7.17,1.5,0.036421630216327154,0.03941098766550101,0.01696239801092179
2019-01-07 00:40:04,13.46,7.17,1.5,0.036421630216327154,0.03941098766550101,0.01696239801092179
2019-01-07 01:00:03,13.7,7.22,2.44,0.03707105007159598,0.03968582021546964,0.02759216743109945
2019-01-07 01:20:03,13.72,7.11,2.6,0.03712516839286839,0.039081188605538664,0.029401489885597775
2019-01-07 01:40:03,13.72,7.11,2.6,0.03712516839286839,0.039081188605538664,0.029401489885597775
2019-01-07 02:00:03,13.72,7.45,2.6,0.03712516839286839,0.04095004994532532,0.029401489885597775
2019-01-07 02:20:04,13.72,7.37,2.6,0.03712516839286839,0.04051031786537552,0.029401489885597775
2019-01-07 02:40:04,13.72,7.37,2.6,0.03712516839286839,0.04051031786537552,0.029401489885597775
2019-01-07 03:00:03,13.72,7.62,1.72,0.03712516839286839,0.04188448061521865,0.019450216385856988
2019-01-07 03:20:04,13.74,7.61,1.5,0.03717928671414079,0.041829514105224924,0.01696239801092179
2019-01-07 03:40:03,13.87,7.77,2.1,0.03753105580241141,0.04270897826512453,0.02374735721529051
2019-01-07 04:00:03,13.87,7.77,2.1,0.03753105580241141,0.04270897826512453,0.02374735721529051
2019-01-07 04:20:03,13.87,7.77,2.1,0.03753105580241141,0.04270897826512453,0.02374735721529051
2019-01-07 04:40:03,13.87,7.77,2.1,0.03753105580241141,0.04270897826512453,0.02374735721529051
2019-01-07 05:00:03,13.87,7.77,2.1,0.03753105580241141,0.04270897826512453,0.02374735721529051
2019-01-07 05:20:04,13.39,7.86,2.6,0.03623221609187374,0.04320367685506806,0.029401489885597775
2019-01-07 05:40:03,13.39,7.86,2.6,0.03623221609187374,0.04320367685506806,0.029401489885597775
2019-01-07 06:00:03,13.39,7.86,2.6,0.03623221609187374,0.04320367685506806,0.029401489885597775
2019-01-07 06:20:03,13.46,7.99,3.1,0.036421630216327154,0.043918241484986485,0.03505562255590504
2019-01-07 06:40:04,13.46,7.99,3.1,0.036421630216327154,0.043918241484986485,0.03505562255590504
2019-01-07 07:00:03,13.46,7.99,3.1,0.036421630216327154,0.043918241484986485,0.03505562255590504
2019-01-07 07:20:03,13.46,7.99,3.1,0.036421630216327154,0.043918241484986485,0.03505562255590504
2019-01-07 07:40:03,13.89,7.63,4.1,0.03758517412368381,0.04193944712521237,0.04636388789651956
2019-01-07 08:00:03,14.17,7.68,4.1,0.03834283062149745,0.042214279675181,0.04636388789651956
2019-01-07 08:20:03,14.87,7.72,4.13,0.04023697186603155,0.0424341457151559,0.046703135856738
2019-01-07 08:40:03,14.07,7.91,4.6,0.038072239015135435,0.04347850940503668,0.05201802056682683
2019-01-07 09:00:03,12.85,7.88,4.78,0.03477102141751886,0.0433136098750555,0.05405350832813745
2019-01-07 09:20:04,12.22,7.78,4.38,0.033066294297438174,0.04276394477511825,0.04953020219189163
2019-01-07 09:40:03,12.46,7.93,6.2,0.03371571415270701,0.04358844242502413,0.07011124511181008
2019-01-07 10:00:03,11.78,8.04,5.33,0.03187569122944531,0.04419307403495511,0.06027305426547543
2019-01-07 10:20:03,11.37,8.35,4.17,0.030766265643361046,0.04589703584476059,0.04715546647036258
2019-01-07 10:40:03,11.48,8.41,5.1,0.031063916410359264,0.046226834904722944,0.05767215323713409
2019-01-07 11:00:03,11.48,8.41,5.1,0.031063916410359264,0.046226834904722944,0.05767215323713409
2019-01-07 11:20:03,11.57,8.95,5.26,0.03130744885608508,0.04919502644438411,0.05948147569163242
2019-01-07 11:40:03,11.65,9.06,5.1,0.031523922141174686,0.04979965805431509,0.05767215323713409
2019-01-07 12:00:03,11.89,9.11,5.1,0.032173341996443526,0.05007449060428371,0.05767215323713409
2019-01-07 12:20:03,12.02,9.51,5.03,0.03252511108471414,0.05227315100403272,0.05688057466329108
2019-01-07 12:40:03,12.07,9.51,6.2,0.03266040688789515,0.05227315100403272,0.07011124511181008
2019-01-07 13:00:03,12.07,9.51,6.2,0.03266040688789515,0.05227315100403272,0.07011124511181008
2019-01-07 13:20:03,12.5,9.51,6.59,0.03382395079525181,0.05227315100403272,0.07452146859464974
2019-01-07 13:40:03,12.46,9.81,5.65,0.03371571415270701,0.05392214630384449,0.06389169917447209
2019-01-07 14:00:03,12.46,9.81,5.65,0.03371571415270701,0.05392214630384449,0.06389169917447209
2019-01-07 14:20:03,12.26,9.9,6.3,0.033174530939982974,0.054416844893788015,0.07124207164587153
2019-01-07 14:40:04,12.09,9.9,5.7,0.03271452520916755,0.054416844893788015,0.06445711244150282
2019-01-07 15:00:03,12.09,9.9,5.7,0.03271452520916755,0.054416844893788015,0.06445711244150282
2019-01-07 15:20:03,12.52,10.27,6.6,0.03387806911652421,0.056450605763555844,0.07463455124805587
2019-01-07 15:40:03,12.59,10.27,6.2,0.03406748324097762,0.056450605763555844,0.07011124511181008
2019-01-07 16:00:03,12.26,10.27,6.2,0.033174530939982974,0.056450605763555844,0.07011124511181008
2019-01-07 16:20:03,12.67,10.36,6.1,0.034283956526067236,0.05694530435349937,0.06898041857774861
2019-01-07 16:40:03,12.67,10.36,6.1,0.034283956526067236,0.05694530435349937,0.06898041857774861
2019-01-07 17:00:03,12.67,10.36,6.1,0.034283956526067236,0.05694530435349937,0.06898041857774861
2019-01-07 17:20:03,13.63,10.51,6.63,0.036881635947142576,0.05776980200340525,0.07497379920827432
2019-01-07 17:40:03,14.52,10.37,6.82,0.039289901243764504,0.057000270863493095,0.07712236962299109
2019-01-07 18:00:04,15.39,10.36,6.82,0.04164404821911403,0.05694530435349937,0.07712236962299109
2019-01-07 18:20:03,16.13,10.65,7.45,0.04364642610619293,0.058539333143317406,0.08424657678757824
2019-01-07 18:40:03,16.46,10.31,8.0,0.04453937840718759,0.05667047180353075,0.09046612272491622
2019-01-07 19:00:03,16.02,10.31,8.0,0.04334877533919472,0.05667047180353075,0.09046612272491622
